chapter,PENSVM-A
CAPITVLVM_I,0.060000000000000005
CAPITVLVM_II,0.1288888888888889
CAPITVLVM_III,0.060000000000000005
CAPITVLVM_IV,0.09999999999999999
CAPITVLVM_IX,0.08833333333333333
