model,PENSVMA,PENSVMB
L-accents,0.8819040460987597,0.8712362637362638
L-noaccents,0.8310689305638924,0.831086691086691
LLaMA-base,0.7193803399386778,0.7183730158730158
d-finetuned-accents,0.9491218737881348,0.960442612942613
d-finetuned-noaccents,0.9540074001359209,0.9540567765567765
davinci-base,0.839865117953798,0.833470695970696
