model,accents,no_accents
L-accents,0.8749285567227121,0.8782117531123113
L-noaccents,0.7655770260984176,0.8965785955521659
LLaMA-base,0.6903294590437974,0.7474238967678962
d-finetuned-accents,0.971198746507589,0.938365740223159
d-finetuned-noaccents,0.928232877101336,0.9798312995913616
davinci-base,0.8208257610307974,0.8525100528936965
