chapter,Exercise1,Exercise10
1.0,0.901578947368421,0.11473684210526316
2.0,0.5178947368421053,0.44263157894736843
3.0,0.42894736842105263,0.18421052631578946
4.0,0.531578947368421,0.2894736842105263
5.0,0.07368421052631578,
6.0,0.15578947368421053,
7.0,0.08684210526315789,
8.0,0.09473684210526316,
9.0,0.08473684210526317,0.11333333333333334
10.0,0.22000000000000003,
