model,PENSVMA,PENSVMB
LLaMA-base,0.809498852139159,0.7363546660068735
LLaMA-finetuned,0.8969959311463155,0.8570582147677112
davinci-base,0.9055081819561241,0.8709458174733588
davinci-finetuned,0.948675219349383,0.95651788614651
